{
  "last_run": 1772196302.762373,
  "usdc_base": 10.000099,
  "eth_balances": {
    "Base": 0.00426925795398403,
    "Arbitrum": 0.0,
    "Optimism": 0.0,
    "Ethereum": -1.0
  },
  "last_rebalance": 1772194664.1485
}