{
  "last_run": 1772026990.0770764,
  "usdc_base": 10.000099,
  "eth_balances": {
    "Base": 0.004285416086703205,
    "Arbitrum": 0.0,
    "Optimism": 0.0,
    "Ethereum": 0.0
  },
  "last_rebalance": 1772026322.2963665
}