{
  "last_run": 1772066642.4532197,
  "usdc_base": 10.000099,
  "eth_balances": {
    "Base": 0.004274285262290258,
    "Arbitrum": 0.0,
    "Optimism": 0.0,
    "Ethereum": 0.0
  },
  "last_rebalance": 1772066658.7590177
}