{
  "last_run": 1772117513.029044,
  "usdc_base": 10.000099,
  "eth_balances": {
    "Base": 0.004272003921871079,
    "Arbitrum": 0.0,
    "Optimism": 0.0,
    "Ethereum": 0.0
  },
  "last_rebalance": 1772116314.1521776
}