{
  "last_run": 1772043083.4707582,
  "usdc_base": 10.000099,
  "eth_balances": {
    "Base": 0.004277460913153214,
    "Arbitrum": 0.0,
    "Optimism": 0.0,
    "Ethereum": 0.0
  },
  "last_rebalance": 1772043100.7693841
}