{
  "last_run": 1772194644.5538218,
  "usdc_base": 10.000099,
  "eth_balances": {
    "Base": 0.004271260896554731,
    "Arbitrum": 0.0,
    "Optimism": 0.0,
    "Ethereum": 0.0
  },
  "last_rebalance": 1772194664.1485
}