{
  "last_run": 1772038894.1527348,
  "usdc_base": 10.000099,
  "eth_balances": {
    "Base": 0.004279954163135093,
    "Arbitrum": 0.0,
    "Optimism": 0.0,
    "Ethereum": 0.0
  },
  "last_rebalance": 1772038982.36122
}