{
  "last_run": 1772198135.8062737,
  "usdc_base": 10.000099,
  "eth_balances": {
    "Base": 0.00426684205737802,
    "Arbitrum": 0.0,
    "Optimism": 0.0,
    "Ethereum": 0.0
  },
  "last_rebalance": 1772197267.0223234
}