{
  "last_checked": {
    "griptape-ai/griptape#2069": 1772116231.7338233,
    "memvid/memvid#200": 1771972818.1806865,
    "MemTensor/MemOS#1106": 1772116231.7338233,
    "bytedance/deer-flow#888": 1772116231.7338233,
    "openai/openai-agents-python#2528": 1771972818.1806865
  },
  "comments_posted": [
    "3940075501"
  ]
}