{
  "dry_counts": {
    "0x31a28685423e8d23de5398f2da5a6e2ea47190f5": 999,
    "0xabe4996b55e31881e3b789c2939de510bc1f8f21": 1,
    "0x81e9987d2e62bc65b0379e7e2208f3282f37e614": 1,
    "0xd50caaafad2873866be8104b21ede2f00c68710f": 1,
    "0x89f08cf202145e257230369fdb3e31e07540d38c": 1,
    "0x613b098b2f4122ededfb1a04bbec97e46fce7302": 1,
    "0xbb423b848ebafd612b9e203f259839cc6f855634": 1,
    "0x8ab97368e839851614f7c1aee9b0a4608106b1c1": 1,
    "0xbf0b80115aeb8febc2be617122619b65a135e4f9": 1,
    "0x705cb25c698595609dea2fc1ca82c944e0d168ea": 1,
    "0x8e5008d0f64c04511faa8289f224415b6a615ce7": 1,
    "0x46e0e9e774f2903623959150e41c14babf0f3e0a": 1,
    "0x45fd03d6fccf1efb84833e64ef5996d49bc542e4": 1,
    "0x16eb8b35a33cd49bdc2cdc280eb31c99536a4e0e": 1,
    "0x4e59ae7a23a44aec39801eb4abea7807a19d84c5": 1,
    "0xc13f3e607675b2dc42a47dd4204de28a0e3a3d32": 1,
    "0xbbecda0d3b99437a0ff77972035864efbbb3ab3b": 1,
    "0xb34934286a1a6caa191db0a916f93f5010aa5187": 2,
    "0x324fe0b1b39c30716a26631a026a56593295ec60": 2,
    "0x7801d21d5c99e2e33b377ab49a16a76c8b9114d7": 2,
    "0xbd5bebd86b270c8e96c343b9761f6cbccf63be42": 3,
    "0x7de5e1bc8d97e03fa05c85890158f6c5638aba88": 3,
    "0x2bbf132b2988aa031234d4f5c9176228d48ede06": 3,
    "0x7454de32622fd6a256b09dabc73f40eac39e1fbf": 3,
    "0xa54af28d9ebd30f160574de015961b0f4eaa119f": 3,
    "0x834a7dc544a3ae703de17271f824559bd241773f": 2,
    "0xb953c4e94025e8318573dfa9ac5168f218bcd991": 2,
    "0x2047993f638b32e0f7d050f2a2a7d7c67d190968": 2
  },
  "blacklisted": {
    "0x31a28685423e8d23de5398f2da5a6e2ea47190f5": {
      "since": 1771856439.853319,
      "expires": 1803392439.8533192,
      "reason": "arbitrum dry pair - 0 ETH, retried 20+ times"
    },
    "0xbd5bebd86b270c8e96c343b9761f6cbccf63be42": {
      "since": 1771943322.2576215,
      "expires": 1772029722.2576218,
      "dry_count": 3
    },
    "0x7de5e1bc8d97e03fa05c85890158f6c5638aba88": {
      "since": 1771943323.956018,
      "expires": 1772029723.9560182,
      "dry_count": 3
    },
    "0x2bbf132b2988aa031234d4f5c9176228d48ede06": {
      "since": 1771943323.958144,
      "expires": 1772029723.9581442,
      "dry_count": 3
    },
    "0x7454de32622fd6a256b09dabc73f40eac39e1fbf": {
      "since": 1771943323.9597666,
      "expires": 1772029723.9597669,
      "dry_count": 3
    },
    "0xa54af28d9ebd30f160574de015961b0f4eaa119f": {
      "since": 1771943323.960347,
      "expires": 1772029723.9603472,
      "dry_count": 3
    }
  }
}